File Name,Page Number,Page Link,Extension,Link
EFTA01600802.m4v,3058,https://www.justice.gov/epstein/doj-disclosures/data-set-10-files?page=3057,.m4v,https://www.justice.gov/epstein/files/DataSet%2010/EFTA01600802.m4v
EFTA01600803.m4v,3058,https://www.justice.gov/epstein/doj-disclosures/data-set-10-files?page=3057,.m4v,https://www.justice.gov/epstein/files/DataSet%2010/EFTA01600803.m4v
EFTA01600804.m4v,3058,https://www.justice.gov/epstein/doj-disclosures/data-set-10-files?page=3057,.m4v,https://www.justice.gov/epstein/files/DataSet%2010/EFTA01600804.m4v
EFTA01600805.m4v,3058,https://www.justice.gov/epstein/doj-disclosures/data-set-10-files?page=3057,.m4v,https://www.justice.gov/epstein/files/DataSet%2010/EFTA01600805.m4v
EFTA01600806.m4v,3058,https://www.justice.gov/epstein/doj-disclosures/data-set-10-files?page=3057,.m4v,https://www.justice.gov/epstein/files/DataSet%2010/EFTA01600806.m4v
EFTA01600807.m4v,3058,https://www.justice.gov/epstein/doj-disclosures/data-set-10-files?page=3057,.m4v,https://www.justice.gov/epstein/files/DataSet%2010/EFTA01600807.m4v
EFTA01600808.m4v,3058,https://www.justice.gov/epstein/doj-disclosures/data-set-10-files?page=3057,.m4v,https://www.justice.gov/epstein/files/DataSet%2010/EFTA01600808.m4v
EFTA01600809.m4v,3058,https://www.justice.gov/epstein/doj-disclosures/data-set-10-files?page=3057,.m4v,https://www.justice.gov/epstein/files/DataSet%2010/EFTA01600809.m4v
EFTA01600810.m4v,3058,https://www.justice.gov/epstein/doj-disclosures/data-set-10-files?page=3057,.m4v,https://www.justice.gov/epstein/files/DataSet%2010/EFTA01600810.m4v
EFTA01600811.m4v,3058,https://www.justice.gov/epstein/doj-disclosures/data-set-10-files?page=3057,.m4v,https://www.justice.gov/epstein/files/DataSet%2010/EFTA01600811.m4v
EFTA01600812.m4v,3058,https://www.justice.gov/epstein/doj-disclosures/data-set-10-files?page=3057,.m4v,https://www.justice.gov/epstein/files/DataSet%2010/EFTA01600812.m4v
EFTA01600813.m4v,3058,https://www.justice.gov/epstein/doj-disclosures/data-set-10-files?page=3057,.m4v,https://www.justice.gov/epstein/files/DataSet%2010/EFTA01600813.m4v
EFTA01600814.m4v,3058,https://www.justice.gov/epstein/doj-disclosures/data-set-10-files?page=3057,.m4v,https://www.justice.gov/epstein/files/DataSet%2010/EFTA01600814.m4v
EFTA01600815.m4v,3058,https://www.justice.gov/epstein/doj-disclosures/data-set-10-files?page=3057,.m4v,https://www.justice.gov/epstein/files/DataSet%2010/EFTA01600815.m4v
EFTA01600816.m4v,3058,https://www.justice.gov/epstein/doj-disclosures/data-set-10-files?page=3057,.m4v,https://www.justice.gov/epstein/files/DataSet%2010/EFTA01600816.m4v
EFTA01600817.m4v,3058,https://www.justice.gov/epstein/doj-disclosures/data-set-10-files?page=3057,.m4v,https://www.justice.gov/epstein/files/DataSet%2010/EFTA01600817.m4v
EFTA01600818.mov,3058,https://www.justice.gov/epstein/doj-disclosures/data-set-10-files?page=3057,.mov,https://www.justice.gov/epstein/files/DataSet%2010/EFTA01600818.mov
EFTA01600819.m4v,3058,https://www.justice.gov/epstein/doj-disclosures/data-set-10-files?page=3057,.m4v,https://www.justice.gov/epstein/files/DataSet%2010/EFTA01600819.m4v
EFTA01600820.m4v,3058,https://www.justice.gov/epstein/doj-disclosures/data-set-10-files?page=3057,.m4v,https://www.justice.gov/epstein/files/DataSet%2010/EFTA01600820.m4v
EFTA01600821.m4v,3058,https://www.justice.gov/epstein/doj-disclosures/data-set-10-files?page=3057,.m4v,https://www.justice.gov/epstein/files/DataSet%2010/EFTA01600821.m4v
EFTA01600822.m4v,3058,https://www.justice.gov/epstein/doj-disclosures/data-set-10-files?page=3057,.m4v,https://www.justice.gov/epstein/files/DataSet%2010/EFTA01600822.m4v
EFTA01600823.m4v,3058,https://www.justice.gov/epstein/doj-disclosures/data-set-10-files?page=3057,.m4v,https://www.justice.gov/epstein/files/DataSet%2010/EFTA01600823.m4v
EFTA01600824.mov,3058,https://www.justice.gov/epstein/doj-disclosures/data-set-10-files?page=3057,.mov,https://www.justice.gov/epstein/files/DataSet%2010/EFTA01600824.mov
EFTA01612218.mp4,3252,https://www.justice.gov/epstein/doj-disclosures/data-set-10-files?page=3251,.mp4,https://www.justice.gov/epstein/files/DataSet%2010/EFTA01612218.mp4
EFTA01612219.mp4,3252,https://www.justice.gov/epstein/doj-disclosures/data-set-10-files?page=3251,.mp4,https://www.justice.gov/epstein/files/DataSet%2010/EFTA01612219.mp4
EFTA01612251.3gp,3252,https://www.justice.gov/epstein/doj-disclosures/data-set-10-files?page=3251,.3gp,https://www.justice.gov/epstein/files/DataSet%2010/EFTA01612251.3gp
EFTA01612731.opus,3256,https://www.justice.gov/epstein/doj-disclosures/data-set-10-files?page=3255,.opus,https://www.justice.gov/epstein/files/DataSet%2010/EFTA01612731.opus
EFTA01613257.m4a,3258,https://www.justice.gov/epstein/doj-disclosures/data-set-10-files?page=3257,.m4a,https://www.justice.gov/epstein/files/DataSet%2010/EFTA01613257.m4a
EFTA01613258.m4a,3259,https://www.justice.gov/epstein/doj-disclosures/data-set-10-files?page=3258,.m4a,https://www.justice.gov/epstein/files/DataSet%2010/EFTA01613258.m4a
EFTA01613259.m4a,3259,https://www.justice.gov/epstein/doj-disclosures/data-set-10-files?page=3258,.m4a,https://www.justice.gov/epstein/files/DataSet%2010/EFTA01613259.m4a
EFTA01613386.mov,3259,https://www.justice.gov/epstein/doj-disclosures/data-set-10-files?page=3258,.mov,https://www.justice.gov/epstein/files/DataSet%2010/EFTA01613386.mov
EFTA01614277.amr,3263,https://www.justice.gov/epstein/doj-disclosures/data-set-10-files?page=3262,.amr,https://www.justice.gov/epstein/files/DataSet%2010/EFTA01614277.amr
EFTA01614299.amr,3263,https://www.justice.gov/epstein/doj-disclosures/data-set-10-files?page=3262,.amr,https://www.justice.gov/epstein/files/DataSet%2010/EFTA01614299.amr
EFTA01614407.amr,3264,https://www.justice.gov/epstein/doj-disclosures/data-set-10-files?page=3263,.amr,https://www.justice.gov/epstein/files/DataSet%2010/EFTA01614407.amr
EFTA01614483.mov,3264,https://www.justice.gov/epstein/doj-disclosures/data-set-10-files?page=3263,.mov,https://www.justice.gov/epstein/files/DataSet%2010/EFTA01614483.mov
EFTA01614506.mov,3264,https://www.justice.gov/epstein/doj-disclosures/data-set-10-files?page=3263,.mov,https://www.justice.gov/epstein/files/DataSet%2010/EFTA01614506.mov
EFTA01615130.amr,3268,https://www.justice.gov/epstein/doj-disclosures/data-set-10-files?page=3267,.amr,https://www.justice.gov/epstein/files/DataSet%2010/EFTA01615130.amr
EFTA01615376.pluginpayloadattachment,3268,https://www.justice.gov/epstein/doj-disclosures/data-set-10-files?page=3267,.pluginpayloadattachment,https://www.justice.gov/epstein/files/DataSet%2010/EFTA01615376.pluginpayloadattachment
EFTA01616390.mov,3272,https://www.justice.gov/epstein/doj-disclosures/data-set-10-files?page=3271,.mov,https://www.justice.gov/epstein/files/DataSet%2010/EFTA01616390.mov
EFTA01616766.amr,3274,https://www.justice.gov/epstein/doj-disclosures/data-set-10-files?page=3273,.amr,https://www.justice.gov/epstein/files/DataSet%2010/EFTA01616766.amr
EFTA01616820.mov,3275,https://www.justice.gov/epstein/doj-disclosures/data-set-10-files?page=3274,.mov,https://www.justice.gov/epstein/files/DataSet%2010/EFTA01616820.mov
EFTA01616872.mov,3275,https://www.justice.gov/epstein/doj-disclosures/data-set-10-files?page=3274,.mov,https://www.justice.gov/epstein/files/DataSet%2010/EFTA01616872.mov
EFTA01616873.mov,3275,https://www.justice.gov/epstein/doj-disclosures/data-set-10-files?page=3274,.mov,https://www.justice.gov/epstein/files/DataSet%2010/EFTA01616873.mov
EFTA01617570.mov,3279,https://www.justice.gov/epstein/doj-disclosures/data-set-10-files?page=3278,.mov,https://www.justice.gov/epstein/files/DataSet%2010/EFTA01617570.mov
EFTA01617571.mov,3279,https://www.justice.gov/epstein/doj-disclosures/data-set-10-files?page=3278,.mov,https://www.justice.gov/epstein/files/DataSet%2010/EFTA01617571.mov
EFTA01617666.m4a,3279,https://www.justice.gov/epstein/doj-disclosures/data-set-10-files?page=3278,.m4a,https://www.justice.gov/epstein/files/DataSet%2010/EFTA01617666.m4a
EFTA01617940.opus,3280,https://www.justice.gov/epstein/doj-disclosures/data-set-10-files?page=3279,.opus,https://www.justice.gov/epstein/files/DataSet%2010/EFTA01617940.opus
EFTA01617941.opus,3280,https://www.justice.gov/epstein/doj-disclosures/data-set-10-files?page=3279,.opus,https://www.justice.gov/epstein/files/DataSet%2010/EFTA01617941.opus
EFTA01617942.opus,3280,https://www.justice.gov/epstein/doj-disclosures/data-set-10-files?page=3279,.opus,https://www.justice.gov/epstein/files/DataSet%2010/EFTA01617942.opus
EFTA01617957.opus,3280,https://www.justice.gov/epstein/doj-disclosures/data-set-10-files?page=3279,.opus,https://www.justice.gov/epstein/files/DataSet%2010/EFTA01617957.opus
EFTA01617967.opus,3280,https://www.justice.gov/epstein/doj-disclosures/data-set-10-files?page=3279,.opus,https://www.justice.gov/epstein/files/DataSet%2010/EFTA01617967.opus
EFTA01617968.opus,3280,https://www.justice.gov/epstein/doj-disclosures/data-set-10-files?page=3279,.opus,https://www.justice.gov/epstein/files/DataSet%2010/EFTA01617968.opus
EFTA01617969.opus,3280,https://www.justice.gov/epstein/doj-disclosures/data-set-10-files?page=3279,.opus,https://www.justice.gov/epstein/files/DataSet%2010/EFTA01617969.opus
EFTA01617970.opus,3280,https://www.justice.gov/epstein/doj-disclosures/data-set-10-files?page=3279,.opus,https://www.justice.gov/epstein/files/DataSet%2010/EFTA01617970.opus
EFTA01618355.mov,3281,https://www.justice.gov/epstein/doj-disclosures/data-set-10-files?page=3280,.mov,https://www.justice.gov/epstein/files/DataSet%2010/EFTA01618355.mov
EFTA01618606.mov,3282,https://www.justice.gov/epstein/doj-disclosures/data-set-10-files?page=3281,.mov,https://www.justice.gov/epstein/files/DataSet%2010/EFTA01618606.mov
EFTA01618622.mov,3282,https://www.justice.gov/epstein/doj-disclosures/data-set-10-files?page=3281,.mov,https://www.justice.gov/epstein/files/DataSet%2010/EFTA01618622.mov
EFTA01618355.mov,3283,https://www.justice.gov/epstein/doj-disclosures/data-set-10-files?page=3282,.mov,https://www.justice.gov/epstein/files/DataSet%2010/EFTA01618355.mov
EFTA01618606.mov,3283,https://www.justice.gov/epstein/doj-disclosures/data-set-10-files?page=3282,.mov,https://www.justice.gov/epstein/files/DataSet%2010/EFTA01618606.mov
EFTA01619485.mov,3287,https://www.justice.gov/epstein/doj-disclosures/data-set-10-files?page=3286,.mov,https://www.justice.gov/epstein/files/DataSet%2010/EFTA01619485.mov
EFTA01619486.mov,3287,https://www.justice.gov/epstein/doj-disclosures/data-set-10-files?page=3286,.mov,https://www.justice.gov/epstein/files/DataSet%2010/EFTA01619486.mov
EFTA01619487.mov,3287,https://www.justice.gov/epstein/doj-disclosures/data-set-10-files?page=3286,.mov,https://www.justice.gov/epstein/files/DataSet%2010/EFTA01619487.mov
EFTA01619495.m4a,3287,https://www.justice.gov/epstein/doj-disclosures/data-set-10-files?page=3286,.m4a,https://www.justice.gov/epstein/files/DataSet%2010/EFTA01619495.m4a
EFTA01619523.mov,3287,https://www.justice.gov/epstein/doj-disclosures/data-set-10-files?page=3286,.mov,https://www.justice.gov/epstein/files/DataSet%2010/EFTA01619523.mov
EFTA01619524.mov,3287,https://www.justice.gov/epstein/doj-disclosures/data-set-10-files?page=3286,.mov,https://www.justice.gov/epstein/files/DataSet%2010/EFTA01619524.mov
EFTA01619533.mov,3287,https://www.justice.gov/epstein/doj-disclosures/data-set-10-files?page=3286,.mov,https://www.justice.gov/epstein/files/DataSet%2010/EFTA01619533.mov
EFTA01619560.mov,3287,https://www.justice.gov/epstein/doj-disclosures/data-set-10-files?page=3286,.mov,https://www.justice.gov/epstein/files/DataSet%2010/EFTA01619560.mov
EFTA01619578.mov,3287,https://www.justice.gov/epstein/doj-disclosures/data-set-10-files?page=3286,.mov,https://www.justice.gov/epstein/files/DataSet%2010/EFTA01619578.mov
EFTA01619588.mov,3287,https://www.justice.gov/epstein/doj-disclosures/data-set-10-files?page=3286,.mov,https://www.justice.gov/epstein/files/DataSet%2010/EFTA01619588.mov
EFTA01619589.mov,3287,https://www.justice.gov/epstein/doj-disclosures/data-set-10-files?page=3286,.mov,https://www.justice.gov/epstein/files/DataSet%2010/EFTA01619589.mov
EFTA01619604.m4a,3287,https://www.justice.gov/epstein/doj-disclosures/data-set-10-files?page=3286,.m4a,https://www.justice.gov/epstein/files/DataSet%2010/EFTA01619604.m4a
EFTA01619624.mov,3287,https://www.justice.gov/epstein/doj-disclosures/data-set-10-files?page=3286,.mov,https://www.justice.gov/epstein/files/DataSet%2010/EFTA01619624.mov
EFTA01619625.mov,3287,https://www.justice.gov/epstein/doj-disclosures/data-set-10-files?page=3286,.mov,https://www.justice.gov/epstein/files/DataSet%2010/EFTA01619625.mov
EFTA01619626.mov,3287,https://www.justice.gov/epstein/doj-disclosures/data-set-10-files?page=3286,.mov,https://www.justice.gov/epstein/files/DataSet%2010/EFTA01619626.mov
EFTA01619632.mov,3288,https://www.justice.gov/epstein/doj-disclosures/data-set-10-files?page=3287,.mov,https://www.justice.gov/epstein/files/DataSet%2010/EFTA01619632.mov
EFTA01619633.mov,3288,https://www.justice.gov/epstein/doj-disclosures/data-set-10-files?page=3287,.mov,https://www.justice.gov/epstein/files/DataSet%2010/EFTA01619633.mov
EFTA01619634.mov,3288,https://www.justice.gov/epstein/doj-disclosures/data-set-10-files?page=3287,.mov,https://www.justice.gov/epstein/files/DataSet%2010/EFTA01619634.mov
EFTA01620591.mov,3292,https://www.justice.gov/epstein/doj-disclosures/data-set-10-files?page=3291,.mov,https://www.justice.gov/epstein/files/DataSet%2010/EFTA01620591.mov
EFTA01620904.mp4,3293,https://www.justice.gov/epstein/doj-disclosures/data-set-10-files?page=3292,.mp4,https://www.justice.gov/epstein/files/DataSet%2010/EFTA01620904.mp4
EFTA01621007.mov,3294,https://www.justice.gov/epstein/doj-disclosures/data-set-10-files?page=3293,.mov,https://www.justice.gov/epstein/files/DataSet%2010/EFTA01621007.mov
EFTA01621008.mov,3294,https://www.justice.gov/epstein/doj-disclosures/data-set-10-files?page=3293,.mov,https://www.justice.gov/epstein/files/DataSet%2010/EFTA01621008.mov
EFTA01621009.mp4,3294,https://www.justice.gov/epstein/doj-disclosures/data-set-10-files?page=3293,.mp4,https://www.justice.gov/epstein/files/DataSet%2010/EFTA01621009.mp4
EFTA01621010.mp4,3294,https://www.justice.gov/epstein/doj-disclosures/data-set-10-files?page=3293,.mp4,https://www.justice.gov/epstein/files/DataSet%2010/EFTA01621010.mp4
EFTA01621011.mp4,3294,https://www.justice.gov/epstein/doj-disclosures/data-set-10-files?page=3293,.mp4,https://www.justice.gov/epstein/files/DataSet%2010/EFTA01621011.mp4
EFTA01621012.mov,3294,https://www.justice.gov/epstein/doj-disclosures/data-set-10-files?page=3293,.mov,https://www.justice.gov/epstein/files/DataSet%2010/EFTA01621012.mov
EFTA01621013.mov,3294,https://www.justice.gov/epstein/doj-disclosures/data-set-10-files?page=3293,.mov,https://www.justice.gov/epstein/files/DataSet%2010/EFTA01621013.mov
EFTA01621014.mov,3294,https://www.justice.gov/epstein/doj-disclosures/data-set-10-files?page=3293,.mov,https://www.justice.gov/epstein/files/DataSet%2010/EFTA01621014.mov
EFTA01621015.mov,3294,https://www.justice.gov/epstein/doj-disclosures/data-set-10-files?page=3293,.mov,https://www.justice.gov/epstein/files/DataSet%2010/EFTA01621015.mov
EFTA01621016.mov,3294,https://www.justice.gov/epstein/doj-disclosures/data-set-10-files?page=3293,.mov,https://www.justice.gov/epstein/files/DataSet%2010/EFTA01621016.mov
EFTA01621017.mov,3294,https://www.justice.gov/epstein/doj-disclosures/data-set-10-files?page=3293,.mov,https://www.justice.gov/epstein/files/DataSet%2010/EFTA01621017.mov
EFTA01621018.mov,3294,https://www.justice.gov/epstein/doj-disclosures/data-set-10-files?page=3293,.mov,https://www.justice.gov/epstein/files/DataSet%2010/EFTA01621018.mov
EFTA01621019.mov,3294,https://www.justice.gov/epstein/doj-disclosures/data-set-10-files?page=3293,.mov,https://www.justice.gov/epstein/files/DataSet%2010/EFTA01621019.mov
EFTA01621020.mov,3294,https://www.justice.gov/epstein/doj-disclosures/data-set-10-files?page=3293,.mov,https://www.justice.gov/epstein/files/DataSet%2010/EFTA01621020.mov
EFTA01621021.mov,3294,https://www.justice.gov/epstein/doj-disclosures/data-set-10-files?page=3293,.mov,https://www.justice.gov/epstein/files/DataSet%2010/EFTA01621021.mov
EFTA01621022.mov,3294,https://www.justice.gov/epstein/doj-disclosures/data-set-10-files?page=3293,.mov,https://www.justice.gov/epstein/files/DataSet%2010/EFTA01621022.mov
EFTA01621023.mov,3294,https://www.justice.gov/epstein/doj-disclosures/data-set-10-files?page=3293,.mov,https://www.justice.gov/epstein/files/DataSet%2010/EFTA01621023.mov
EFTA01621024.mov,3294,https://www.justice.gov/epstein/doj-disclosures/data-set-10-files?page=3293,.mov,https://www.justice.gov/epstein/files/DataSet%2010/EFTA01621024.mov
EFTA01621025.mov,3294,https://www.justice.gov/epstein/doj-disclosures/data-set-10-files?page=3293,.mov,https://www.justice.gov/epstein/files/DataSet%2010/EFTA01621025.mov
EFTA01621026.mov,3294,https://www.justice.gov/epstein/doj-disclosures/data-set-10-files?page=3293,.mov,https://www.justice.gov/epstein/files/DataSet%2010/EFTA01621026.mov
EFTA01621007.mov,3295,https://www.justice.gov/epstein/doj-disclosures/data-set-10-files?page=3294,.mov,https://www.justice.gov/epstein/files/DataSet%2010/EFTA01621007.mov
EFTA01621008.mov,3295,https://www.justice.gov/epstein/doj-disclosures/data-set-10-files?page=3294,.mov,https://www.justice.gov/epstein/files/DataSet%2010/EFTA01621008.mov
EFTA01621009.mp4,3295,https://www.justice.gov/epstein/doj-disclosures/data-set-10-files?page=3294,.mp4,https://www.justice.gov/epstein/files/DataSet%2010/EFTA01621009.mp4
EFTA01621010.mp4,3295,https://www.justice.gov/epstein/doj-disclosures/data-set-10-files?page=3294,.mp4,https://www.justice.gov/epstein/files/DataSet%2010/EFTA01621010.mp4
EFTA01621011.mp4,3295,https://www.justice.gov/epstein/doj-disclosures/data-set-10-files?page=3294,.mp4,https://www.justice.gov/epstein/files/DataSet%2010/EFTA01621011.mp4
EFTA01621012.mov,3295,https://www.justice.gov/epstein/doj-disclosures/data-set-10-files?page=3294,.mov,https://www.justice.gov/epstein/files/DataSet%2010/EFTA01621012.mov
EFTA01621013.mov,3295,https://www.justice.gov/epstein/doj-disclosures/data-set-10-files?page=3294,.mov,https://www.justice.gov/epstein/files/DataSet%2010/EFTA01621013.mov
EFTA01621014.mov,3295,https://www.justice.gov/epstein/doj-disclosures/data-set-10-files?page=3294,.mov,https://www.justice.gov/epstein/files/DataSet%2010/EFTA01621014.mov
EFTA01621015.mov,3295,https://www.justice.gov/epstein/doj-disclosures/data-set-10-files?page=3294,.mov,https://www.justice.gov/epstein/files/DataSet%2010/EFTA01621015.mov
EFTA01621016.mov,3295,https://www.justice.gov/epstein/doj-disclosures/data-set-10-files?page=3294,.mov,https://www.justice.gov/epstein/files/DataSet%2010/EFTA01621016.mov
EFTA01621017.mov,3295,https://www.justice.gov/epstein/doj-disclosures/data-set-10-files?page=3294,.mov,https://www.justice.gov/epstein/files/DataSet%2010/EFTA01621017.mov
EFTA01621018.mov,3295,https://www.justice.gov/epstein/doj-disclosures/data-set-10-files?page=3294,.mov,https://www.justice.gov/epstein/files/DataSet%2010/EFTA01621018.mov
EFTA01621052.mov,3296,https://www.justice.gov/epstein/doj-disclosures/data-set-10-files?page=3295,.mov,https://www.justice.gov/epstein/files/DataSet%2010/EFTA01621052.mov
EFTA01621053.mov,3296,https://www.justice.gov/epstein/doj-disclosures/data-set-10-files?page=3295,.mov,https://www.justice.gov/epstein/files/DataSet%2010/EFTA01621053.mov
EFTA01621054.mov,3296,https://www.justice.gov/epstein/doj-disclosures/data-set-10-files?page=3295,.mov,https://www.justice.gov/epstein/files/DataSet%2010/EFTA01621054.mov
EFTA01621055.mov,3296,https://www.justice.gov/epstein/doj-disclosures/data-set-10-files?page=3295,.mov,https://www.justice.gov/epstein/files/DataSet%2010/EFTA01621055.mov
EFTA01621056.mov,3296,https://www.justice.gov/epstein/doj-disclosures/data-set-10-files?page=3295,.mov,https://www.justice.gov/epstein/files/DataSet%2010/EFTA01621056.mov
EFTA01621057.mov,3296,https://www.justice.gov/epstein/doj-disclosures/data-set-10-files?page=3295,.mov,https://www.justice.gov/epstein/files/DataSet%2010/EFTA01621057.mov
EFTA01621058.mov,3296,https://www.justice.gov/epstein/doj-disclosures/data-set-10-files?page=3295,.mov,https://www.justice.gov/epstein/files/DataSet%2010/EFTA01621058.mov
EFTA01621059.mov,3296,https://www.justice.gov/epstein/doj-disclosures/data-set-10-files?page=3295,.mov,https://www.justice.gov/epstein/files/DataSet%2010/EFTA01621059.mov
EFTA01621060.mov,3296,https://www.justice.gov/epstein/doj-disclosures/data-set-10-files?page=3295,.mov,https://www.justice.gov/epstein/files/DataSet%2010/EFTA01621060.mov
EFTA01621061.mov,3296,https://www.justice.gov/epstein/doj-disclosures/data-set-10-files?page=3295,.mov,https://www.justice.gov/epstein/files/DataSet%2010/EFTA01621061.mov
EFTA01621062.mov,3296,https://www.justice.gov/epstein/doj-disclosures/data-set-10-files?page=3295,.mov,https://www.justice.gov/epstein/files/DataSet%2010/EFTA01621062.mov
EFTA01621063.mov,3296,https://www.justice.gov/epstein/doj-disclosures/data-set-10-files?page=3295,.mov,https://www.justice.gov/epstein/files/DataSet%2010/EFTA01621063.mov
EFTA01621064.mov,3296,https://www.justice.gov/epstein/doj-disclosures/data-set-10-files?page=3295,.mov,https://www.justice.gov/epstein/files/DataSet%2010/EFTA01621064.mov
EFTA01621065.mov,3296,https://www.justice.gov/epstein/doj-disclosures/data-set-10-files?page=3295,.mov,https://www.justice.gov/epstein/files/DataSet%2010/EFTA01621065.mov
EFTA01621066.mov,3296,https://www.justice.gov/epstein/doj-disclosures/data-set-10-files?page=3295,.mov,https://www.justice.gov/epstein/files/DataSet%2010/EFTA01621066.mov
EFTA01621067.mov,3296,https://www.justice.gov/epstein/doj-disclosures/data-set-10-files?page=3295,.mov,https://www.justice.gov/epstein/files/DataSet%2010/EFTA01621067.mov
EFTA01621068.mov,3296,https://www.justice.gov/epstein/doj-disclosures/data-set-10-files?page=3295,.mov,https://www.justice.gov/epstein/files/DataSet%2010/EFTA01621068.mov
EFTA01621069.mov,3296,https://www.justice.gov/epstein/doj-disclosures/data-set-10-files?page=3295,.mov,https://www.justice.gov/epstein/files/DataSet%2010/EFTA01621069.mov
EFTA01621070.mov,3296,https://www.justice.gov/epstein/doj-disclosures/data-set-10-files?page=3295,.mov,https://www.justice.gov/epstein/files/DataSet%2010/EFTA01621070.mov
EFTA01621071.mov,3296,https://www.justice.gov/epstein/doj-disclosures/data-set-10-files?page=3295,.mov,https://www.justice.gov/epstein/files/DataSet%2010/EFTA01621071.mov
EFTA01621072.mov,3296,https://www.justice.gov/epstein/doj-disclosures/data-set-10-files?page=3295,.mov,https://www.justice.gov/epstein/files/DataSet%2010/EFTA01621072.mov
EFTA01621073.mov,3296,https://www.justice.gov/epstein/doj-disclosures/data-set-10-files?page=3295,.mov,https://www.justice.gov/epstein/files/DataSet%2010/EFTA01621073.mov
EFTA01621074.mov,3296,https://www.justice.gov/epstein/doj-disclosures/data-set-10-files?page=3295,.mov,https://www.justice.gov/epstein/files/DataSet%2010/EFTA01621074.mov
EFTA01621075.mov,3296,https://www.justice.gov/epstein/doj-disclosures/data-set-10-files?page=3295,.mov,https://www.justice.gov/epstein/files/DataSet%2010/EFTA01621075.mov
EFTA01621076.mov,3296,https://www.justice.gov/epstein/doj-disclosures/data-set-10-files?page=3295,.mov,https://www.justice.gov/epstein/files/DataSet%2010/EFTA01621076.mov
EFTA01621077.mov,3297,https://www.justice.gov/epstein/doj-disclosures/data-set-10-files?page=3296,.mov,https://www.justice.gov/epstein/files/DataSet%2010/EFTA01621077.mov
EFTA01621078.mov,3297,https://www.justice.gov/epstein/doj-disclosures/data-set-10-files?page=3296,.mov,https://www.justice.gov/epstein/files/DataSet%2010/EFTA01621078.mov
EFTA01621079.mov,3297,https://www.justice.gov/epstein/doj-disclosures/data-set-10-files?page=3296,.mov,https://www.justice.gov/epstein/files/DataSet%2010/EFTA01621079.mov
EFTA01621080.mov,3297,https://www.justice.gov/epstein/doj-disclosures/data-set-10-files?page=3296,.mov,https://www.justice.gov/epstein/files/DataSet%2010/EFTA01621080.mov
EFTA01621081.mov,3297,https://www.justice.gov/epstein/doj-disclosures/data-set-10-files?page=3296,.mov,https://www.justice.gov/epstein/files/DataSet%2010/EFTA01621081.mov
EFTA01621082.mov,3297,https://www.justice.gov/epstein/doj-disclosures/data-set-10-files?page=3296,.mov,https://www.justice.gov/epstein/files/DataSet%2010/EFTA01621082.mov
EFTA01621083.mov,3297,https://www.justice.gov/epstein/doj-disclosures/data-set-10-files?page=3296,.mov,https://www.justice.gov/epstein/files/DataSet%2010/EFTA01621083.mov
EFTA01621084.mov,3297,https://www.justice.gov/epstein/doj-disclosures/data-set-10-files?page=3296,.mov,https://www.justice.gov/epstein/files/DataSet%2010/EFTA01621084.mov
EFTA01621085.mov,3297,https://www.justice.gov/epstein/doj-disclosures/data-set-10-files?page=3296,.mov,https://www.justice.gov/epstein/files/DataSet%2010/EFTA01621085.mov
EFTA01621086.mov,3297,https://www.justice.gov/epstein/doj-disclosures/data-set-10-files?page=3296,.mov,https://www.justice.gov/epstein/files/DataSet%2010/EFTA01621086.mov
EFTA01621087.mov,3297,https://www.justice.gov/epstein/doj-disclosures/data-set-10-files?page=3296,.mov,https://www.justice.gov/epstein/files/DataSet%2010/EFTA01621087.mov
EFTA01621088.mov,3297,https://www.justice.gov/epstein/doj-disclosures/data-set-10-files?page=3296,.mov,https://www.justice.gov/epstein/files/DataSet%2010/EFTA01621088.mov
EFTA01621089.mov,3297,https://www.justice.gov/epstein/doj-disclosures/data-set-10-files?page=3296,.mov,https://www.justice.gov/epstein/files/DataSet%2010/EFTA01621089.mov
EFTA01621090.mov,3297,https://www.justice.gov/epstein/doj-disclosures/data-set-10-files?page=3296,.mov,https://www.justice.gov/epstein/files/DataSet%2010/EFTA01621090.mov
EFTA01621091.mov,3297,https://www.justice.gov/epstein/doj-disclosures/data-set-10-files?page=3296,.mov,https://www.justice.gov/epstein/files/DataSet%2010/EFTA01621091.mov
EFTA01621092.mov,3297,https://www.justice.gov/epstein/doj-disclosures/data-set-10-files?page=3296,.mov,https://www.justice.gov/epstein/files/DataSet%2010/EFTA01621092.mov
EFTA01621093.mov,3297,https://www.justice.gov/epstein/doj-disclosures/data-set-10-files?page=3296,.mov,https://www.justice.gov/epstein/files/DataSet%2010/EFTA01621093.mov
EFTA01621094.mov,3297,https://www.justice.gov/epstein/doj-disclosures/data-set-10-files?page=3296,.mov,https://www.justice.gov/epstein/files/DataSet%2010/EFTA01621094.mov
EFTA01621095.mov,3297,https://www.justice.gov/epstein/doj-disclosures/data-set-10-files?page=3296,.mov,https://www.justice.gov/epstein/files/DataSet%2010/EFTA01621095.mov
EFTA01621096.mov,3297,https://www.justice.gov/epstein/doj-disclosures/data-set-10-files?page=3296,.mov,https://www.justice.gov/epstein/files/DataSet%2010/EFTA01621096.mov
EFTA01621097.mov,3297,https://www.justice.gov/epstein/doj-disclosures/data-set-10-files?page=3296,.mov,https://www.justice.gov/epstein/files/DataSet%2010/EFTA01621097.mov
EFTA01621098.mov,3297,https://www.justice.gov/epstein/doj-disclosures/data-set-10-files?page=3296,.mov,https://www.justice.gov/epstein/files/DataSet%2010/EFTA01621098.mov
EFTA01621099.mov,3297,https://www.justice.gov/epstein/doj-disclosures/data-set-10-files?page=3296,.mov,https://www.justice.gov/epstein/files/DataSet%2010/EFTA01621099.mov
EFTA01621100.mov,3297,https://www.justice.gov/epstein/doj-disclosures/data-set-10-files?page=3296,.mov,https://www.justice.gov/epstein/files/DataSet%2010/EFTA01621100.mov
EFTA01621101.mov,3297,https://www.justice.gov/epstein/doj-disclosures/data-set-10-files?page=3296,.mov,https://www.justice.gov/epstein/files/DataSet%2010/EFTA01621101.mov
EFTA01621102.mov,3298,https://www.justice.gov/epstein/doj-disclosures/data-set-10-files?page=3297,.mov,https://www.justice.gov/epstein/files/DataSet%2010/EFTA01621102.mov
EFTA01621103.mov,3298,https://www.justice.gov/epstein/doj-disclosures/data-set-10-files?page=3297,.mov,https://www.justice.gov/epstein/files/DataSet%2010/EFTA01621103.mov
EFTA01621104.mov,3298,https://www.justice.gov/epstein/doj-disclosures/data-set-10-files?page=3297,.mov,https://www.justice.gov/epstein/files/DataSet%2010/EFTA01621104.mov
EFTA01621105.mov,3298,https://www.justice.gov/epstein/doj-disclosures/data-set-10-files?page=3297,.mov,https://www.justice.gov/epstein/files/DataSet%2010/EFTA01621105.mov
EFTA01621106.mov,3298,https://www.justice.gov/epstein/doj-disclosures/data-set-10-files?page=3297,.mov,https://www.justice.gov/epstein/files/DataSet%2010/EFTA01621106.mov
EFTA01621167.mov,3298,https://www.justice.gov/epstein/doj-disclosures/data-set-10-files?page=3297,.mov,https://www.justice.gov/epstein/files/DataSet%2010/EFTA01621167.mov
EFTA01621168.mov,3298,https://www.justice.gov/epstein/doj-disclosures/data-set-10-files?page=3297,.mov,https://www.justice.gov/epstein/files/DataSet%2010/EFTA01621168.mov
EFTA01621169.mov,3298,https://www.justice.gov/epstein/doj-disclosures/data-set-10-files?page=3297,.mov,https://www.justice.gov/epstein/files/DataSet%2010/EFTA01621169.mov
EFTA01621228.mov,3298,https://www.justice.gov/epstein/doj-disclosures/data-set-10-files?page=3297,.mov,https://www.justice.gov/epstein/files/DataSet%2010/EFTA01621228.mov
EFTA01621228.mov,3300,https://www.justice.gov/epstein/doj-disclosures/data-set-10-files?page=3299,.mov,https://www.justice.gov/epstein/files/DataSet%2010/EFTA01621228.mov
EFTA01623106.mov,3310,https://www.justice.gov/epstein/doj-disclosures/data-set-10-files?page=3309,.mov,https://www.justice.gov/epstein/files/DataSet%2010/EFTA01623106.mov
EFTA01624248.mov,3317,https://www.justice.gov/epstein/doj-disclosures/data-set-10-files?page=3316,.mov,https://www.justice.gov/epstein/files/DataSet%2010/EFTA01624248.mov
EFTA01624279.mov,3317,https://www.justice.gov/epstein/doj-disclosures/data-set-10-files?page=3316,.mov,https://www.justice.gov/epstein/files/DataSet%2010/EFTA01624279.mov
EFTA01648594.mp4,3355,https://www.justice.gov/epstein/doj-disclosures/data-set-10-files?page=3354,.mp4,https://www.justice.gov/epstein/files/DataSet%2010/EFTA01648594.mp4
EFTA01648595.mp4,3355,https://www.justice.gov/epstein/doj-disclosures/data-set-10-files?page=3354,.mp4,https://www.justice.gov/epstein/files/DataSet%2010/EFTA01648595.mp4
EFTA01648596.mp4,3355,https://www.justice.gov/epstein/doj-disclosures/data-set-10-files?page=3354,.mp4,https://www.justice.gov/epstein/files/DataSet%2010/EFTA01648596.mp4
EFTA01648597.mp4,3355,https://www.justice.gov/epstein/doj-disclosures/data-set-10-files?page=3354,.mp4,https://www.justice.gov/epstein/files/DataSet%2010/EFTA01648597.mp4
EFTA01648598.mp4,3355,https://www.justice.gov/epstein/doj-disclosures/data-set-10-files?page=3354,.mp4,https://www.justice.gov/epstein/files/DataSet%2010/EFTA01648598.mp4
EFTA01648599.mp4,3355,https://www.justice.gov/epstein/doj-disclosures/data-set-10-files?page=3354,.mp4,https://www.justice.gov/epstein/files/DataSet%2010/EFTA01648599.mp4
EFTA01648600.mp4,3355,https://www.justice.gov/epstein/doj-disclosures/data-set-10-files?page=3354,.mp4,https://www.justice.gov/epstein/files/DataSet%2010/EFTA01648600.mp4
EFTA01648601.mp4,3355,https://www.justice.gov/epstein/doj-disclosures/data-set-10-files?page=3354,.mp4,https://www.justice.gov/epstein/files/DataSet%2010/EFTA01648601.mp4
EFTA01648602.mp4,3355,https://www.justice.gov/epstein/doj-disclosures/data-set-10-files?page=3354,.mp4,https://www.justice.gov/epstein/files/DataSet%2010/EFTA01648602.mp4
EFTA01648603.mp4,3355,https://www.justice.gov/epstein/doj-disclosures/data-set-10-files?page=3354,.mp4,https://www.justice.gov/epstein/files/DataSet%2010/EFTA01648603.mp4
EFTA01648604.mp4,3355,https://www.justice.gov/epstein/doj-disclosures/data-set-10-files?page=3354,.mp4,https://www.justice.gov/epstein/files/DataSet%2010/EFTA01648604.mp4
EFTA01648605.mp4,3355,https://www.justice.gov/epstein/doj-disclosures/data-set-10-files?page=3354,.mp4,https://www.justice.gov/epstein/files/DataSet%2010/EFTA01648605.mp4
EFTA01648606.mp4,3355,https://www.justice.gov/epstein/doj-disclosures/data-set-10-files?page=3354,.mp4,https://www.justice.gov/epstein/files/DataSet%2010/EFTA01648606.mp4
EFTA01648607.mp4,3355,https://www.justice.gov/epstein/doj-disclosures/data-set-10-files?page=3354,.mp4,https://www.justice.gov/epstein/files/DataSet%2010/EFTA01648607.mp4
EFTA01648608.mp4,3355,https://www.justice.gov/epstein/doj-disclosures/data-set-10-files?page=3354,.mp4,https://www.justice.gov/epstein/files/DataSet%2010/EFTA01648608.mp4
EFTA01648609.mp4,3355,https://www.justice.gov/epstein/doj-disclosures/data-set-10-files?page=3354,.mp4,https://www.justice.gov/epstein/files/DataSet%2010/EFTA01648609.mp4
EFTA01648610.mp4,3355,https://www.justice.gov/epstein/doj-disclosures/data-set-10-files?page=3354,.mp4,https://www.justice.gov/epstein/files/DataSet%2010/EFTA01648610.mp4
EFTA01648611.mp4,3355,https://www.justice.gov/epstein/doj-disclosures/data-set-10-files?page=3354,.mp4,https://www.justice.gov/epstein/files/DataSet%2010/EFTA01648611.mp4
EFTA01648612.mp4,3355,https://www.justice.gov/epstein/doj-disclosures/data-set-10-files?page=3354,.mp4,https://www.justice.gov/epstein/files/DataSet%2010/EFTA01648612.mp4
EFTA01648613.mp4,3355,https://www.justice.gov/epstein/doj-disclosures/data-set-10-files?page=3354,.mp4,https://www.justice.gov/epstein/files/DataSet%2010/EFTA01648613.mp4
EFTA01648614.mp4,3355,https://www.justice.gov/epstein/doj-disclosures/data-set-10-files?page=3354,.mp4,https://www.justice.gov/epstein/files/DataSet%2010/EFTA01648614.mp4
EFTA01648615.mp4,3355,https://www.justice.gov/epstein/doj-disclosures/data-set-10-files?page=3354,.mp4,https://www.justice.gov/epstein/files/DataSet%2010/EFTA01648615.mp4
EFTA01648616.mp4,3355,https://www.justice.gov/epstein/doj-disclosures/data-set-10-files?page=3354,.mp4,https://www.justice.gov/epstein/files/DataSet%2010/EFTA01648616.mp4
EFTA01648617.mp4,3355,https://www.justice.gov/epstein/doj-disclosures/data-set-10-files?page=3354,.mp4,https://www.justice.gov/epstein/files/DataSet%2010/EFTA01648617.mp4
EFTA01648618.mp4,3355,https://www.justice.gov/epstein/doj-disclosures/data-set-10-files?page=3354,.mp4,https://www.justice.gov/epstein/files/DataSet%2010/EFTA01648618.mp4
EFTA01682126.m4a,3428,https://www.justice.gov/epstein/doj-disclosures/data-set-10-files?page=3427,.m4a,https://www.justice.gov/epstein/files/DataSet%2010/EFTA01682126.m4a
EFTA01682127.m4a,3428,https://www.justice.gov/epstein/doj-disclosures/data-set-10-files?page=3427,.m4a,https://www.justice.gov/epstein/files/DataSet%2010/EFTA01682127.m4a
EFTA01682128.m4a,3428,https://www.justice.gov/epstein/doj-disclosures/data-set-10-files?page=3427,.m4a,https://www.justice.gov/epstein/files/DataSet%2010/EFTA01682128.m4a
EFTA01682129.m4a,3428,https://www.justice.gov/epstein/doj-disclosures/data-set-10-files?page=3427,.m4a,https://www.justice.gov/epstein/files/DataSet%2010/EFTA01682129.m4a
EFTA01682130.m4a,3428,https://www.justice.gov/epstein/doj-disclosures/data-set-10-files?page=3427,.m4a,https://www.justice.gov/epstein/files/DataSet%2010/EFTA01682130.m4a
EFTA01682131.mp4,3429,https://www.justice.gov/epstein/doj-disclosures/data-set-10-files?page=3428,.mp4,https://www.justice.gov/epstein/files/DataSet%2010/EFTA01682131.mp4
EFTA01683314.mp4,3429,https://www.justice.gov/epstein/doj-disclosures/data-set-10-files?page=3428,.mp4,https://www.justice.gov/epstein/files/DataSet%2010/EFTA01683314.mp4
EFTA01683315.mp4,3429,https://www.justice.gov/epstein/doj-disclosures/data-set-10-files?page=3428,.mp4,https://www.justice.gov/epstein/files/DataSet%2010/EFTA01683315.mp4
EFTA01683316.mp4,3429,https://www.justice.gov/epstein/doj-disclosures/data-set-10-files?page=3428,.mp4,https://www.justice.gov/epstein/files/DataSet%2010/EFTA01683316.mp4
EFTA01683317.wav,3429,https://www.justice.gov/epstein/doj-disclosures/data-set-10-files?page=3428,.wav,https://www.justice.gov/epstein/files/DataSet%2010/EFTA01683317.wav
EFTA01683318.mp4,3429,https://www.justice.gov/epstein/doj-disclosures/data-set-10-files?page=3428,.mp4,https://www.justice.gov/epstein/files/DataSet%2010/EFTA01683318.mp4
EFTA01683319.mp4,3429,https://www.justice.gov/epstein/doj-disclosures/data-set-10-files?page=3428,.mp4,https://www.justice.gov/epstein/files/DataSet%2010/EFTA01683319.mp4
EFTA01683320.mp4,3429,https://www.justice.gov/epstein/doj-disclosures/data-set-10-files?page=3428,.mp4,https://www.justice.gov/epstein/files/DataSet%2010/EFTA01683320.mp4
EFTA01683321.mp4,3429,https://www.justice.gov/epstein/doj-disclosures/data-set-10-files?page=3428,.mp4,https://www.justice.gov/epstein/files/DataSet%2010/EFTA01683321.mp4
EFTA01683322.wav,3429,https://www.justice.gov/epstein/doj-disclosures/data-set-10-files?page=3428,.wav,https://www.justice.gov/epstein/files/DataSet%2010/EFTA01683322.wav
EFTA01683323.mp4,3429,https://www.justice.gov/epstein/doj-disclosures/data-set-10-files?page=3428,.mp4,https://www.justice.gov/epstein/files/DataSet%2010/EFTA01683323.mp4
EFTA01683324.mp4,3429,https://www.justice.gov/epstein/doj-disclosures/data-set-10-files?page=3428,.mp4,https://www.justice.gov/epstein/files/DataSet%2010/EFTA01683324.mp4
EFTA01683325.mp4,3429,https://www.justice.gov/epstein/doj-disclosures/data-set-10-files?page=3428,.mp4,https://www.justice.gov/epstein/files/DataSet%2010/EFTA01683325.mp4
EFTA01683326.mp4,3430,https://www.justice.gov/epstein/doj-disclosures/data-set-10-files?page=3429,.mp4,https://www.justice.gov/epstein/files/DataSet%2010/EFTA01683326.mp4
EFTA01683327.mp4,3430,https://www.justice.gov/epstein/doj-disclosures/data-set-10-files?page=3429,.mp4,https://www.justice.gov/epstein/files/DataSet%2010/EFTA01683327.mp4
EFTA01683328.mp4,3430,https://www.justice.gov/epstein/doj-disclosures/data-set-10-files?page=3429,.mp4,https://www.justice.gov/epstein/files/DataSet%2010/EFTA01683328.mp4
EFTA01683329.mp4,3430,https://www.justice.gov/epstein/doj-disclosures/data-set-10-files?page=3429,.mp4,https://www.justice.gov/epstein/files/DataSet%2010/EFTA01683329.mp4
EFTA01683330.mp4,3430,https://www.justice.gov/epstein/doj-disclosures/data-set-10-files?page=3429,.mp4,https://www.justice.gov/epstein/files/DataSet%2010/EFTA01683330.mp4
EFTA01683331.mp4,3430,https://www.justice.gov/epstein/doj-disclosures/data-set-10-files?page=3429,.mp4,https://www.justice.gov/epstein/files/DataSet%2010/EFTA01683331.mp4
EFTA01683332.mp4,3430,https://www.justice.gov/epstein/doj-disclosures/data-set-10-files?page=3429,.mp4,https://www.justice.gov/epstein/files/DataSet%2010/EFTA01683332.mp4
EFTA01683333.mp4,3430,https://www.justice.gov/epstein/doj-disclosures/data-set-10-files?page=3429,.mp4,https://www.justice.gov/epstein/files/DataSet%2010/EFTA01683333.mp4
EFTA01683334.mp4,3430,https://www.justice.gov/epstein/doj-disclosures/data-set-10-files?page=3429,.mp4,https://www.justice.gov/epstein/files/DataSet%2010/EFTA01683334.mp4
EFTA01683335.mp4,3430,https://www.justice.gov/epstein/doj-disclosures/data-set-10-files?page=3429,.mp4,https://www.justice.gov/epstein/files/DataSet%2010/EFTA01683335.mp4
EFTA01683336.mp4,3430,https://www.justice.gov/epstein/doj-disclosures/data-set-10-files?page=3429,.mp4,https://www.justice.gov/epstein/files/DataSet%2010/EFTA01683336.mp4
EFTA01683337.mp4,3430,https://www.justice.gov/epstein/doj-disclosures/data-set-10-files?page=3429,.mp4,https://www.justice.gov/epstein/files/DataSet%2010/EFTA01683337.mp4
EFTA01683338.mp4,3430,https://www.justice.gov/epstein/doj-disclosures/data-set-10-files?page=3429,.mp4,https://www.justice.gov/epstein/files/DataSet%2010/EFTA01683338.mp4
EFTA01683339.mp4,3430,https://www.justice.gov/epstein/doj-disclosures/data-set-10-files?page=3429,.mp4,https://www.justice.gov/epstein/files/DataSet%2010/EFTA01683339.mp4
EFTA01683340.mp4,3430,https://www.justice.gov/epstein/doj-disclosures/data-set-10-files?page=3429,.mp4,https://www.justice.gov/epstein/files/DataSet%2010/EFTA01683340.mp4
EFTA01683341.mp4,3430,https://www.justice.gov/epstein/doj-disclosures/data-set-10-files?page=3429,.mp4,https://www.justice.gov/epstein/files/DataSet%2010/EFTA01683341.mp4
EFTA01683342.mp4,3430,https://www.justice.gov/epstein/doj-disclosures/data-set-10-files?page=3429,.mp4,https://www.justice.gov/epstein/files/DataSet%2010/EFTA01683342.mp4
EFTA01683343.mp4,3430,https://www.justice.gov/epstein/doj-disclosures/data-set-10-files?page=3429,.mp4,https://www.justice.gov/epstein/files/DataSet%2010/EFTA01683343.mp4
EFTA01683344.mp4,3430,https://www.justice.gov/epstein/doj-disclosures/data-set-10-files?page=3429,.mp4,https://www.justice.gov/epstein/files/DataSet%2010/EFTA01683344.mp4
EFTA01683345.mp4,3430,https://www.justice.gov/epstein/doj-disclosures/data-set-10-files?page=3429,.mp4,https://www.justice.gov/epstein/files/DataSet%2010/EFTA01683345.mp4
EFTA01683346.mp4,3430,https://www.justice.gov/epstein/doj-disclosures/data-set-10-files?page=3429,.mp4,https://www.justice.gov/epstein/files/DataSet%2010/EFTA01683346.mp4
EFTA01683347.mp4,3430,https://www.justice.gov/epstein/doj-disclosures/data-set-10-files?page=3429,.mp4,https://www.justice.gov/epstein/files/DataSet%2010/EFTA01683347.mp4
EFTA01683348.mp4,3430,https://www.justice.gov/epstein/doj-disclosures/data-set-10-files?page=3429,.mp4,https://www.justice.gov/epstein/files/DataSet%2010/EFTA01683348.mp4
EFTA01683349.mp4,3430,https://www.justice.gov/epstein/doj-disclosures/data-set-10-files?page=3429,.mp4,https://www.justice.gov/epstein/files/DataSet%2010/EFTA01683349.mp4
EFTA01683350.mp4,3430,https://www.justice.gov/epstein/doj-disclosures/data-set-10-files?page=3429,.mp4,https://www.justice.gov/epstein/files/DataSet%2010/EFTA01683350.mp4
EFTA01683351.mp4,3431,https://www.justice.gov/epstein/doj-disclosures/data-set-10-files?page=3430,.mp4,https://www.justice.gov/epstein/files/DataSet%2010/EFTA01683351.mp4
EFTA01683352.mp4,3431,https://www.justice.gov/epstein/doj-disclosures/data-set-10-files?page=3430,.mp4,https://www.justice.gov/epstein/files/DataSet%2010/EFTA01683352.mp4
EFTA01683353.mp4,3431,https://www.justice.gov/epstein/doj-disclosures/data-set-10-files?page=3430,.mp4,https://www.justice.gov/epstein/files/DataSet%2010/EFTA01683353.mp4
EFTA01683354.mp4,3431,https://www.justice.gov/epstein/doj-disclosures/data-set-10-files?page=3430,.mp4,https://www.justice.gov/epstein/files/DataSet%2010/EFTA01683354.mp4
EFTA01683355.mp4,3431,https://www.justice.gov/epstein/doj-disclosures/data-set-10-files?page=3430,.mp4,https://www.justice.gov/epstein/files/DataSet%2010/EFTA01683355.mp4
EFTA01683356.mp4,3431,https://www.justice.gov/epstein/doj-disclosures/data-set-10-files?page=3430,.mp4,https://www.justice.gov/epstein/files/DataSet%2010/EFTA01683356.mp4
EFTA01683357.mp4,3431,https://www.justice.gov/epstein/doj-disclosures/data-set-10-files?page=3430,.mp4,https://www.justice.gov/epstein/files/DataSet%2010/EFTA01683357.mp4
EFTA01683358.mp4,3431,https://www.justice.gov/epstein/doj-disclosures/data-set-10-files?page=3430,.mp4,https://www.justice.gov/epstein/files/DataSet%2010/EFTA01683358.mp4
EFTA01683359.mp4,3431,https://www.justice.gov/epstein/doj-disclosures/data-set-10-files?page=3430,.mp4,https://www.justice.gov/epstein/files/DataSet%2010/EFTA01683359.mp4
EFTA01683360.mp4,3431,https://www.justice.gov/epstein/doj-disclosures/data-set-10-files?page=3430,.mp4,https://www.justice.gov/epstein/files/DataSet%2010/EFTA01683360.mp4
EFTA01683361.mp4,3431,https://www.justice.gov/epstein/doj-disclosures/data-set-10-files?page=3430,.mp4,https://www.justice.gov/epstein/files/DataSet%2010/EFTA01683361.mp4
EFTA01683362.mp4,3431,https://www.justice.gov/epstein/doj-disclosures/data-set-10-files?page=3430,.mp4,https://www.justice.gov/epstein/files/DataSet%2010/EFTA01683362.mp4
EFTA01683363.mp4,3431,https://www.justice.gov/epstein/doj-disclosures/data-set-10-files?page=3430,.mp4,https://www.justice.gov/epstein/files/DataSet%2010/EFTA01683363.mp4
EFTA01683364.mp4,3431,https://www.justice.gov/epstein/doj-disclosures/data-set-10-files?page=3430,.mp4,https://www.justice.gov/epstein/files/DataSet%2010/EFTA01683364.mp4
EFTA01683365.mp4,3431,https://www.justice.gov/epstein/doj-disclosures/data-set-10-files?page=3430,.mp4,https://www.justice.gov/epstein/files/DataSet%2010/EFTA01683365.mp4
EFTA01683366.mp4,3431,https://www.justice.gov/epstein/doj-disclosures/data-set-10-files?page=3430,.mp4,https://www.justice.gov/epstein/files/DataSet%2010/EFTA01683366.mp4
EFTA01683367.mp4,3431,https://www.justice.gov/epstein/doj-disclosures/data-set-10-files?page=3430,.mp4,https://www.justice.gov/epstein/files/DataSet%2010/EFTA01683367.mp4
EFTA01683368.mp4,3431,https://www.justice.gov/epstein/doj-disclosures/data-set-10-files?page=3430,.mp4,https://www.justice.gov/epstein/files/DataSet%2010/EFTA01683368.mp4
EFTA01683369.mp4,3431,https://www.justice.gov/epstein/doj-disclosures/data-set-10-files?page=3430,.mp4,https://www.justice.gov/epstein/files/DataSet%2010/EFTA01683369.mp4
EFTA01683370.mp4,3431,https://www.justice.gov/epstein/doj-disclosures/data-set-10-files?page=3430,.mp4,https://www.justice.gov/epstein/files/DataSet%2010/EFTA01683370.mp4
EFTA01683371.mp4,3431,https://www.justice.gov/epstein/doj-disclosures/data-set-10-files?page=3430,.mp4,https://www.justice.gov/epstein/files/DataSet%2010/EFTA01683371.mp4
EFTA01683372.mp4,3431,https://www.justice.gov/epstein/doj-disclosures/data-set-10-files?page=3430,.mp4,https://www.justice.gov/epstein/files/DataSet%2010/EFTA01683372.mp4
EFTA01683373.mp4,3431,https://www.justice.gov/epstein/doj-disclosures/data-set-10-files?page=3430,.mp4,https://www.justice.gov/epstein/files/DataSet%2010/EFTA01683373.mp4
EFTA01683374.mp4,3431,https://www.justice.gov/epstein/doj-disclosures/data-set-10-files?page=3430,.mp4,https://www.justice.gov/epstein/files/DataSet%2010/EFTA01683374.mp4
EFTA01683375.mp4,3431,https://www.justice.gov/epstein/doj-disclosures/data-set-10-files?page=3430,.mp4,https://www.justice.gov/epstein/files/DataSet%2010/EFTA01683375.mp4
EFTA01683376.mp4,3432,https://www.justice.gov/epstein/doj-disclosures/data-set-10-files?page=3431,.mp4,https://www.justice.gov/epstein/files/DataSet%2010/EFTA01683376.mp4
EFTA01683377.mp4,3432,https://www.justice.gov/epstein/doj-disclosures/data-set-10-files?page=3431,.mp4,https://www.justice.gov/epstein/files/DataSet%2010/EFTA01683377.mp4
EFTA01683378.mp4,3432,https://www.justice.gov/epstein/doj-disclosures/data-set-10-files?page=3431,.mp4,https://www.justice.gov/epstein/files/DataSet%2010/EFTA01683378.mp4
EFTA01683379.mp4,3432,https://www.justice.gov/epstein/doj-disclosures/data-set-10-files?page=3431,.mp4,https://www.justice.gov/epstein/files/DataSet%2010/EFTA01683379.mp4
EFTA01683380.mp4,3432,https://www.justice.gov/epstein/doj-disclosures/data-set-10-files?page=3431,.mp4,https://www.justice.gov/epstein/files/DataSet%2010/EFTA01683380.mp4
EFTA01683381.mp4,3432,https://www.justice.gov/epstein/doj-disclosures/data-set-10-files?page=3431,.mp4,https://www.justice.gov/epstein/files/DataSet%2010/EFTA01683381.mp4
EFTA01683382.mp4,3432,https://www.justice.gov/epstein/doj-disclosures/data-set-10-files?page=3431,.mp4,https://www.justice.gov/epstein/files/DataSet%2010/EFTA01683382.mp4
EFTA01683383.mp4,3432,https://www.justice.gov/epstein/doj-disclosures/data-set-10-files?page=3431,.mp4,https://www.justice.gov/epstein/files/DataSet%2010/EFTA01683383.mp4
EFTA01683384.mp4,3432,https://www.justice.gov/epstein/doj-disclosures/data-set-10-files?page=3431,.mp4,https://www.justice.gov/epstein/files/DataSet%2010/EFTA01683384.mp4
EFTA01683385.mp4,3432,https://www.justice.gov/epstein/doj-disclosures/data-set-10-files?page=3431,.mp4,https://www.justice.gov/epstein/files/DataSet%2010/EFTA01683385.mp4
EFTA01683386.mp4,3432,https://www.justice.gov/epstein/doj-disclosures/data-set-10-files?page=3431,.mp4,https://www.justice.gov/epstein/files/DataSet%2010/EFTA01683386.mp4
EFTA01683387.mp4,3432,https://www.justice.gov/epstein/doj-disclosures/data-set-10-files?page=3431,.mp4,https://www.justice.gov/epstein/files/DataSet%2010/EFTA01683387.mp4
EFTA01683388.mp4,3432,https://www.justice.gov/epstein/doj-disclosures/data-set-10-files?page=3431,.mp4,https://www.justice.gov/epstein/files/DataSet%2010/EFTA01683388.mp4
EFTA01683389.mp4,3432,https://www.justice.gov/epstein/doj-disclosures/data-set-10-files?page=3431,.mp4,https://www.justice.gov/epstein/files/DataSet%2010/EFTA01683389.mp4
EFTA01683390.mp4,3432,https://www.justice.gov/epstein/doj-disclosures/data-set-10-files?page=3431,.mp4,https://www.justice.gov/epstein/files/DataSet%2010/EFTA01683390.mp4
EFTA01683391.mp4,3432,https://www.justice.gov/epstein/doj-disclosures/data-set-10-files?page=3431,.mp4,https://www.justice.gov/epstein/files/DataSet%2010/EFTA01683391.mp4
EFTA01683392.mp4,3432,https://www.justice.gov/epstein/doj-disclosures/data-set-10-files?page=3431,.mp4,https://www.justice.gov/epstein/files/DataSet%2010/EFTA01683392.mp4
EFTA01683393.mp4,3432,https://www.justice.gov/epstein/doj-disclosures/data-set-10-files?page=3431,.mp4,https://www.justice.gov/epstein/files/DataSet%2010/EFTA01683393.mp4
EFTA01683394.mp4,3432,https://www.justice.gov/epstein/doj-disclosures/data-set-10-files?page=3431,.mp4,https://www.justice.gov/epstein/files/DataSet%2010/EFTA01683394.mp4
EFTA01683395.mp4,3432,https://www.justice.gov/epstein/doj-disclosures/data-set-10-files?page=3431,.mp4,https://www.justice.gov/epstein/files/DataSet%2010/EFTA01683395.mp4
EFTA01683396.mp4,3432,https://www.justice.gov/epstein/doj-disclosures/data-set-10-files?page=3431,.mp4,https://www.justice.gov/epstein/files/DataSet%2010/EFTA01683396.mp4
EFTA01683397.mp4,3432,https://www.justice.gov/epstein/doj-disclosures/data-set-10-files?page=3431,.mp4,https://www.justice.gov/epstein/files/DataSet%2010/EFTA01683397.mp4
EFTA01683398.mp4,3432,https://www.justice.gov/epstein/doj-disclosures/data-set-10-files?page=3431,.mp4,https://www.justice.gov/epstein/files/DataSet%2010/EFTA01683398.mp4
EFTA01683399.mp4,3432,https://www.justice.gov/epstein/doj-disclosures/data-set-10-files?page=3431,.mp4,https://www.justice.gov/epstein/files/DataSet%2010/EFTA01683399.mp4
EFTA01683400.mp4,3432,https://www.justice.gov/epstein/doj-disclosures/data-set-10-files?page=3431,.mp4,https://www.justice.gov/epstein/files/DataSet%2010/EFTA01683400.mp4
,,,,
,,,,
,,,,
NOTE not complete,,,,